id,name,winningbid,metersread
1,2019 Cat 308CR Tracked Excavator,"US $82,000","1,973 Hours"
2,2019 Cat 323 Tracked Excavator,"US $225,000","1,135 Hours"
3,2019 Cat 304E2 CR Mini Excavator,"US $41,000","1,099 Hours"
4,2008 Cat 305C Mini Excavator,"US $27,000","5,689 Hours"
5,2012 Cat 305E CR Mini Excavator,"US $30,500","3,430 Hours"
6,2018 Cat 303E CR Mini Excavator,"US $23,000",NONE
7,2015 Cat 308E2 CR Tracked Excavator,"US $55,000","1,275 Hours"
8,2011 Cat 320DL Tracked Excavator,"US $63,000","10,130 Hours"
9,2012 Cat 304E CR Mini Excavator,"US $32,500",NONE
10,2014 Cat 336ELH Track Excavator,"US $69,000","9,698 Hours"
11,2005 Cat 303 CR Mini Excavator,"US $18,500","4,742 Hours"
12,2017 Cat 305.5E2 CR Mini Excavator,"US $35,000","1,943 Hours"
13,2018 Cat 311F LRR Tracked Excavator,"US $70,000","2,217 Hours"
14,2012 Cat 320E Tracked Excavator,"US $88,000","4,895 Hours"
15,2011 Cat 329DL Tracked Excavator,"US $60,000","5,670 Hours"
16,2003 Cat 320CL Tracked Excavator,"US $59,000","7,707 Hours"
17,2010 Cat 329DL Tracked Excavator,"US $52,000","12,752 Hours"
18,2015 Cat 308E2 CR Tracked Excavator,"US $51,000","2,537 Hours"
19,2016 Cat 308E2 CR Mini Excavator,"US $65,000","1,885 Hours"
20,2013 Cat 336ELH Tracked Excavator,"US $98,000","7,588 Hours"
21,2005 Cat 330CL Tracked Excavator,"US $59,000","13,068 Hours"
22,2013 Cat 320EL Tracked Excavator,"US $65,000","6,124 Hours"
23,2007 Cat 330DL Tracked Excavator,"US $55,000",NONE
24,2008 Cat 330DL Tracked Excavator,"US $49,000","12,231 Hours"
25,2005 Cat 330C L Tracked Excavator,"US $18,000","11,154 Hours"
26,2016 Cat 320FL Tracked Excavator,"US $80,000","5,020 Hours"
27,2017 Cat 305 E2 Mini Excavator,"US $43,000","2,345 Hours"
28,2015 Cat 304E2CR Mini Excavator,"US $38,000","2,359 Hours"
29,2018 Cat 315FL CR Tracked Excavator,"US $121,500","3,830 Hours"
30,2018 Cat 316FL Tracked Excavator,"US $135,000","2,826 Hours"
31,2022 Cat 323 Tracked Excavator,"US $192,000",827 Hours
32,2022 Cat 323 Tracked Excavator,"US $188,000","1,158 Hours"
33,2017 Cat 308E2 CR Tracked Excavator,"US $80,500","1,641 Hours"
34,2008 Cat 303C CR Mini Excavator,"US $16,500","7,499 Hours"
35,2019 Cat 308E2 CR Mini Excavator,"US $73,000","2,547 Hours"
36,2020 Cat 308 CR Tracked Excavator,"US $98,000",557 Hours
37,2012 Cat 308D CR Mini Excavator,"US $29,000","5,165 Hours"
38,2012 Cat 305.5 Mini Excavator,"US $52,000","1,151 Hours"
39,2017 Cat 305.5E2 Mini Excavator,"US $43,000","2,606 Hours"
40,2005 Cat 312C Tracked Excavator,"US $38,000","9,497 Hours"
41,2015 Cat 302.7DCR Mini Excavator,"US $18,200",NONE
42,2016 Cat 305.5 Mini Excavator,"US $25,500",NONE
43,2002 Cat 320CL Tracked Excavator,"US $36,000","7,141 Hours"
44,1994 Cat 320L Tracked Excavator,"US $12,400","24,468 Hours"
45,2016 Cat 305.5E2 CR Mini Excavator,"US $51,000","2,019 Hours"
46,2007 Cat 302.5C Mini Excavator,"US $16,000",NONE
47,2018 Cat 305.5E2CR Mini Excavator,"US $58,000",895 Hours
48,2016 Cat 305.5E2 CR Mini Excavator,"US $38,000","2,099 Hours"
49,1994 Cat 320L Tracked Excavator,"US $7,100","18,622 Hours"
50,2003 Cat 320CL Tracked Excavator,"US $52,000","13,384 Hours"
51,2015 Cat 308E2 CR Tracked Excavator,"US $43,500","4,451 Hours"
52,1994 Cat 325L Tracked Excavator,"US $10,300","12,724 Hours"
53,2013 Cat 303.5ECR Mini Excavator,"US $29,000","4,632 Hours"
54,2010 Cat 303C CR Mini Excavator,"US $24,500","3,636 Hours"
55,2019 Cat 308CR Mini Excavator,"US $71,000","2,520 Hours"
56,2012 Cat 308D Mini Excavator,"US $40,500","6,148 Hours"
57,2015 Cat 308E2CR Mini Excavator,"US $47,600","5,238 Hours"
58,2005 Cat 330CL Tracked Excavator,"US $22,000","11,286 Hours"
59,2007 Cat 303.5C CR Mini Excavator,"US $38,000",531 Hours
60,1994 Cat 320L Tracked Excavator,"US $12,800","14,170 Hours"
61,2001 Cat 303.5 Mini Excavator,"US $14,500",NONE
62,2018 Cat 302.7DCR Mini Excavator,"US $21,500","2,346 Hours"
63,2015 Cat 314ELCR Tracked Excavator,"US $75,500","4,226 Hours"
64,2008 Cat 303C Mini Excavator,"US $29,500","2,835 Hours"
65,2011 Cat 305.5D Mini Excavator,"US $25,500",178 Hours
66,2015 Cat 311FLRR Tracked Excavator,"US $61,500","1,347 Hours"
67,2016 Cat 305.5E2 Mini Excavator,"US $43,000","3,640 Hours"
68,2016 Cat 308E2 CR Tracked Excavator,"US $42,000","5,415 Hours"
69,2006 Cat 320D L Tracked Excavator,"US $23,100",NONE
70,2014 Cat 303.5 E CR Mini Excavator,"US $34,000",680 Hours
71,2019 Cat 303.5E2 Mini Excavator,"US $46,000",677 Hours
72,2008 Cat 304C CR Mini Excavator,"US $31,500","2,738 Hours"
73,2019 Cat 307.5 Tracked Excavator,"US $66,500","1,999 Hours"
74,2018 Cat 308E2 CR Mini Excavator,"US $63,000","2,151 Hours"
75,2014 Cat 303.5ECR Mini Excavator,"US $33,000",NONE
76,2017 Cat 308E2CR Mini Excavator,"US $63,000","2,867 Hours"
77,2019 Cat 315FLCR Tracked Excavator,"US $93,000","3,497 Hours"
78,2005 Cat 307C Tracked Excavator,"US $30,500","6,069 Hours"
79,Cat 308E2 CR Tracked Excavator,"US $58,000","5,658 Hours"
80,2007 Cat 305C CR Mini Excavator,"US $23,000","6,424 Hours"
81,2007 Cat 345 CL Tracked Excavator,"US $24,000",NONE
82,2019 Cat 305.5E2 Mini Excavator,"US $61,500","1,510 Hours"
83,2021 Cat 307.5 Tracked Excavator,"US $90,000",466 Hours
84,2004 Cat 345BL Tracked Excavator,"US $21,000","10,013 Hours"
85,2000 Cat 325BL Tracked Excavator,"US $48,000","9,282 Hours"
86,1991 Cat 235C Tracked Excavator,"US $23,000",NONE
87,1999 Cat 312BL Tracked Excavator,"US $36,000","4,045 Hours"
88,2006 Cat 324DL Tracked Excavator,"US $66,000","8,101 Hours"
89,2006 Cat 305 CR Mini Excavator,"US $25,500",NONE
90,2013 Cat 305E CR Mini Excavator,"US $16,500",NONE
91,2016 Cat 305 E2 Mini Excavator,"US $34,000",969 Hours
92,2017 Cat 308E2 CR Tracked Excavator,"US $61,000","2,954 Hours"
93,2010 Cat 336D Tracked Excavator,"US $46,000","9,595 Hours"
94,2013 Cat 349EL Tracked Excavator,"US $33,000",NONE
95,1995 Cat 315L Tracked Excavator,"US $23,500","9,051 Hours"
96,2008 Cat 320D RR Tracked Excavator,"US $41,000","12,305 Hours"
97,2012 Cat 329EL Tracked Excavator,"US $58,000","11,093 Hours"
98,2002 Cat 325CL Tracked Excavator,"US $43,500",NONE
99,2011 Cat 305.5D Mini Excavator,"US $26,000","7,960 Hours"
100,2016 Cat 349FL Tracked Excavator,"US $79,000","9,441 Hours"
101,2001 Cat 330BL Tracked Excavator,"US $26,650","23,052 Hours"
102,2021 Cat 306 CR Mini Excavator,"US $75,000",482 Hours
103,2018 Cat 308 CR Tracked Excavator,"US $62,000","2,690 Hours"
104,2011 Cat 336DL Tracked Excavator,"US $81,000","4,179 Hours"
105,2019 Cat 302.7DCR Mini Excavator,"US $16,100","1,912 Hours"
106,2015 Cat 303.5E CR Mini Excavator,"US $41,000",105 Hours
107,2006 Cat 320C Tracked Excavator,"US $37,000","20,022 Hours"
108,2003 Cat 320B Tracked Excavator,"US $18,000","12,571 Hours"
109,2015 Cat 305.5E2CR Mini Excavator,"US $38,000","1,467 Hours"
110,2011 Cat 303.5D CR Mini Excavator,"US $24,500",0 Hours
111,2016 Cat 308E2CR Track Excavator,"US $56,500","3,051 Hours"
112,2018 Cat 308E2 CR Mini Excavator,"US $63,000","2,835 Hours"
113,2014 Cat 336 Tracked Excavator,"US $44,000","7,903 Hours"
114,2017 (unverified) Cat 336FL Track Excavator,"US $85,000","9,724 Hours"
115,2020 Cat 305E2 Mini Excavator,"US $59,000","1,002 Hours"
116,1985 Cat 215 Tracked Excavator,"US $19,000","9,042 Hours"
117,1990 Cat 235C Tracked Excavator,"US $22,000","14,548 Hours"
118,2012 Cat 336EL Tracked Excavator,"US $73,000","9,633 Hours"
119,2007 Cat 330DL Tracked Excavator,"US $46,000","12,915 Hours"
120,2002 Cat M312 Wheel Excavator,"US $11,500","4,426 Hours"
121,2016 Cat 308E2 CR Mini Excavator,"US $31,000","6,191 Hours"
122,2015 Cat 329FL Tracked Excavator,"US $77,000","6,057 Hours"
123,1992 Cat 235C Tracked Excavator,"US $15,500","7,776 Hours"
124,1981 Cat 225 Tracked Excavator,"US $13,500","2,778 Hours"
125,Cat 345B L Tracked Excavator,"US $26,000","20,703 Hours"
126,2006 Cat 320C Tracked Excavator,"US $30,800",NONE
127,1992 Cat 325 Tracked Excavator,"US $38,500","8,008 Hours"
128,2021 Cat 304E2CR Mini Excavator,"US $62,000",385 Hours
129,2011 Cat 320DL Tracked Excavator,"US $53,000","8,949 Hours"
130,1993 Cat E120B Tracked Excavator,"US $16,000","9,280 Hours"
131,2013 Cat 307D Tracked Excavator,"US $46,000","4,010 Hours"
132,2014 Cat 308E2 CR Mini Excavator,"US $48,500","4,265 Hours"
133,2018 Cat 304E2CR Mini Excavator,"US $31,000","3,119 Hours"
134,2011 Cat 320D L Tracked Excavator,"US $51,000","11,440 Hours"
135,2005 Cat 303 CR Mini Excavator,"US $20,500","2,634 Hours"
136,1990 Cat 235C Tracked Excavator,"US $11,000","29,776 Hours"
137,2017 Cat 305E2 CR Mini Excavator,"US $25,500","2,568 Hours"
138,2004 Cat 330C Tracked Excavator,"US $18,600","24,884 Hours"
139,1997 Cat 311B Tracked Excavator,"US $16,500","18,659 Hours"
140,2016 Cat 316EL Tracked Excavator,"US $56,000","2,703 Hours"
141,1998 Cat 345BL Tracked Excavator,"US $28,000","20,142 Hours"
142,2007 Cat 325DL Tracked Excavator,"US $54,500","11,084 Hours"
143,Cat 330BL Tracked Excavator,"US $17,000","23,040 Hours"
144,2010 Cat 345DL Tracked Excavator,"US $93,000","13,705 Hours"
145,2011 Cat 321D Tracked Excavator,"US $60,100","10,770 Hours"
146,2012 Cat 305E CR Mini Excavator,"US $23,000","7,201 Hours"
147,2014 Cat 308E2 CR Tracked Excavator,"US $75,480","2,639 Hours"
148,2020 Cat 304E2 CR Mini Excavator,"US $53,000",959 Hours
149,2021 Cat 306CR Mini Excavator,"US $81,000",281 Hours
150,2017 Cat 304E2CR Mini Excavator,"US $24,750","2,576 Hours"
151,2008 Cat 330DL Tracked Excavator,"US $43,000","16,259 Hours"
152,2006 Cat 330CL Tracked Excavator,"US $38,000","20,301 Hours"
153,1987 Cat EL180 Tracked Excavator,"US $10,000","2,158 Hours"
154,1995 Cat 320L Tracked Excavator,"US $8,500","11,261 Hours"
155,2012 Cat 320EL Tracked Excavator,"US $77,000","7,970 Hours"
156,2004 Cat 330CL Tracked Excavator,"US $41,000","18,691 Hours"
157,2008 Cat 330D L Tracked Excavator,"US $59,000","11,248 Hours"
158,2008 Cat 321D LCR Tracked Excavator,"US $51,000",NONE
159,2016 Cat 336FL Tracked Excavator,"US $77,000","9,974 Hours"
160,2020 Cat 307.5 Tracked Excavator,"US $59,000",NONE
161,2003 Cat 315C L Tracked Excavator,"US $50,000","4,256 Hours"
162,2010 Cat 345DL Tracked Excavator,"US $53,000","14,537 Hours"
163,2013 Cat 302.7D CR Mini Excavator,"US $20,000","4,461 Hours"
164,1997 Cat 322B L Tracked Excavator,"US $20,000","15,840 Hours"
165,2003 Cat 330CL Tracked Excavator,"US $17,500",NONE
166,2007 Cat 328D LCR Tracked Excavator,"US $66,000","2,688 Hours"
167,2018 Cat 308E2 CR Mini Excavator,"US $52,000",NONE
168,2014 Cat 320ELRR Tracked Excavator,"US $47,000","11,323 Hours"
169,2013 Cat 305.5E Mini Excavator,"US $38,000","2,822 Hours"
170,Cat 330BL Tracked Excavator,"US $18,500","17,771 Hours"
171,2019 Cat 305E2CR Mini Excavator,"US $57,000","1,579 Hours"
172,2002 Cat 322CL Tracked Excavator,"US $45,500","12,172 Hours"
173,2001 Cat 320CL Tracked Excavator,"US $44,000","14,353 Hours"
174,2017 Cat 304E2CR Mini Excavator,"US $47,000","1,148 Hours"
175,2018 Cat 305.5E2 CR Mini Excavator,"US $34,000","3,868 Hours"
176,2003 Cat 320CL Tracked Excavator,"US $32,000","3,876 Hours"
177,2013 Cat 314D LCR Track Excavator,"US $72,000","4,307 Hours"
178,2006 Cat 330CL  Tracked Excavator,"US $37,000","9,663 Hours"
179,1999 Cat M318 Wheel Excavator,"US $22,000","12,110 Hours"
180,2012 Cat 308DCR Mini Excavator,"US $56,000","1,109 Hours"
181,2011 Cat 308D Mini Excavator,"US $44,000","6,217 Hours"
182,2004 Cat 322CL Tracked Excavator,"US $9,600","19,285 Hours"
183,2014 Cat 329EL Tracked Excavator,"US $75,000","7,990 Hours"
184,2011 Cat 336E L Tracked Excavator,"US $56,000","13,712 Hours"
185,2020 Cat 304E2CR Mini Excavator,"US $54,000",694 Hours
186,2015 Cat 349FL Tracked Excavator,"US $74,000","18,257 Hours"
187,2021 Cat 304E2 Mini Excavator,"US $43,000",451 Hours
188,2011 Cat 321DL CR Tracked Excavator,"US $60,000","5,999 Hours"
189,2012 Cat 320E L Tracked Excavator,"US $71,000","8,119 Hours"
190,2009 Cat 328D Tracked Excavator,"US $61,000","3,436 Hours"
191,2001 Cat 315C Tracked Excavator,"US $34,500","9,328 Hours"
192,1996 Cat 312 Tracked Excavator,"US $16,200","7,069 Hours"
193,2017 Cat 305.5E2CR Mini Excavator,"US $36,000","2,847 Hours"
194,2006 Cat 330C Tracked Excavator,"US $19,900","27,715 Hours"
195,2017 Cat 305E2 CR Mini Excavator,"US $42,000","1,901 Hours"
196,2007 Cat 320 DL Tracked Excavator,"US $60,000","6,850 Hours"
197,2011 Cat 345DL Tracked Excavator,"US $54,000",NONE
198,2018 Cat 302.7DCR Mini Excavator,"US $28,500",902 Hours
199,2016 Cat 307E2 Tracked Excavator,"US $64,000","1,161 Hours"
200,2019 Cat 301.8 Mini Excavator,"US $25,000",61 Hours
201,2015 Cat 323FL Tracked Excavator,"US $39,500",NONE
202,2019 Cat 309CR Tracked Excavator,"US $83,000","1,441 Hours"
203,2006 Cat 320CL Tracked Excavator,"US $35,500","18,893 Hours"
204,2004 Cat 304 CR Mini Excavator,"US $11,500","7,919 Hours"
205,2005 Cat 330C Tracked Excavator,"US $44,000","14,181 Hours"
206,2015 Cat 336FL Tracked Excavator,"US $95,000","6,239 Hours"
207,Cat 320BL Tracked Excavator,"US $17,500","19,388 Hours"
208,2013 Cat 336EL Tracked Excavator,"US $81,000","6,118 Hours"
209,2007 Cat 385CL Tracked Excavator,"US $66,000","20,339 Hours"
210,1998 Cat 330BL Tracked Excavator,"US $10,800","28,623 Hours"
211,2011 Cat 307D Tracked Excavator,"US $27,500","8,549 Hours"
212,2012 Cat 329EL Tracked Excavator,"US $73,000","7,736 Hours"
213,2010 Cat 328D LCR Tracked Excavator,"US $74,000",NONE
214,2008 Cat 308D CR Mini Excavator,"US $25,000","7,788 Hours"
215,2003 Cat 322C Tracked Excavator,"US $50,000","12,798 Hours"
216,2020 Cat 336GC Tracked Excavator,"US $98,000","12,692 Hours"
217,2004 Cat 385B Tracked Excavator,"US $82,000","14,622 Hours"
218,1993 Cat 235D Tracked Excavator,"US $17,500","2,010 Hours"
219,2015 Cat 301.4C Mini Excavator,"US $13,000","2,464 Hours"
220,2015 Cat 305E2 Mini Excavator,"US $33,000","1,595 Hours"
221,2004 Cat 304CR Mini Excavator,"US $16,000","5,600 Hours"
222,2016 Cat 311FLRR Tracked Excavator,"US $74,000","2,648 Hours"
223,2013 Cat 329EL Tracked Excavator,"US $67,000","12,228 Hours"
224,2005 Cat 345C Tracked Excavator,"US $6,000",NONE
225,2002 Cat 5110B Tracked Excavator,"US $23,250",NONE
226,2013 Cat 302.7D CR Mini Excavator,"US $20,500","4,149 Hours"
227,1995 Cat 325L Tracked Excavator,"US $20,500","13,212 Hours"
228,2004 Cat 325CL Tracked Excavator,"US $36,000","15,475 Hours"
229,2005 Cat 385CL Tracked Excavator,"US $39,000",NONE
230,2013 Cat 336E LH Tracked Excavator,"US $65,500","3,336 Hours"
231,2018 Cat 305.5E2 CR Mini Excavator,"US $38,000","2,368 Hours"
232,2006 Cat 324DL Tracked Excavator,"US $66,000","4,656 Hours"
233,2004 Cat 345B Tracked Excavator,"US $6,000","19,969 Hours"
234,2006 Cat 320CL Tracked Excavator,"US $56,000","14,857 Hours"
235,2004 Cat 315C L Tracked Excavator,"US $36,000","13,850 Hours"
236,2007 Cat 345CL Tracked Excavator,"US $34,000","25,699 Hours"
237,2001 Cat 345B L Tracked Excavator,"US $12,500","17,051 Hours"
238,2007 Cat 345CL Tracked Excavator,"US $28,000","18,035 Hours"
239,1995 Cat 311 Tracked Excavator,"US $16,500","21,365 Hours"
240,2008 Cat 324D Long Reach Amphibious Tracked Excavator,"US $51,000","7,894 Hours"
241,2004 Cat 312C Tracked Excavator,"US $20,500",NONE
242,Cat 345B Tracked Excavator,"US $9,000","19,571 Hours"
243,2005 Cat 320C L Tracked Excavator,"US $40,000","18,487 Hours"
244,2005 Cat 321C Tracked Excavator,"US $24,000","8,729 Hours"
245,Cat 322BL Tracked Excavator,"US $28,500","1,086 Hours"
246,1999 Cat 345BL Track Excavator,"US $24,500","16,478 Hours"
247,2007 Cat 345CL Tracked Excavator,"US $26,000","21,428 Hours"
248,2018 Cat 323 Tracked Excavator,"US $94,000","5,135 Hours"
249,2006 Cat 345C Tracked Excavator,"US $41,000",NONE
250,2013 Cat 320EL Tracked Excavator,"US $76,000","7,275 Hours"
251,2005 Cat 330C Tracked Excavator,"US $16,700","10,585 Hours"
252,2005 Cat 345C L Tracked Excavator,"US $29,000","21,419 Hours"
253,2018 Cat 349FL Tracked Excavator,"US $82,000","13,097 Hours"
254,2015 Cat 304E2CR Mini Excavator,"US $30,000","1,835 Hours"
255,2012 Cat 304E Mini Excavator,"US $20,000","3,300 Hours"
256,2012 Cat 329EL Tracked Excavator,"US $80,000","5,569 Hours"
257,1998 Cat 322B L Tracked Excavator,"US $27,500","4,966 Hours"
258,Cat 375L Tracked Excavator,"US $9,000","27,946 Hours"
259,2006 Cat 345C Tracked Excavator,"US $33,000","15,292 Hours"
260,2018 Cat 323 Tracked Excavator,"US $63,000",NONE
261,2008 Cat 325D Tracked Excavator,"US $31,000","9,205 Hours"
262,2015 Cat 308E2CRSB Mini Excavator,"US $49,000","1,617 Hours"
263,2015 Cat 314E L CR Tracked Excavator,"US $70,000","4,085 Hours"
264,2013 Cat 320E L Tracked Excavator,"US $80,000","7,273 Hours"
265,1996 Cat 320B L Tracked Excavator,"US $16,600","12,436 Hours"
266,2015 Cat 329F L Tracked Excavator,"US $58,000","4,533 Hours"
267,2005 Cat 325CL Tracked Excavator,"US $60,500","12,645 Hours"
268,2016 Cat 336FL Tracked Excavator,"US $75,000","9,362 Hours"
269,1993 (unverified) Cat EL240C Long Reach Tracked Excavator,"US $23,000","1,266 Hours"
270,2000 Cat 320BL Tracked Excavator,"US $38,000","18,028 Hours"
271,Cat 225LC Tracked Excavator,"US $3,500",NONE
272,2018 Cat M322F Wheel Excavator,"US $92,000","4,928 Hours"
273,2005 Cat 365BL Tracked Excavator,"US $12,500","15,846 Hours"
274,Cat 330C Tracked Excavator,"US $18,000","17,454 Hours"
275,1989 Cat E240B Tracked Excavator,"US $4,100",NONE
276,2007 Cat 345 CL Tracked Excavator,"US $19,500","20,650 Hours"
277,2003 Cat 345BL Series II Tracked Excavator,"US $30,500","9,825 Hours"
278,2015 Cat 349FL Tracked Excavator,"US $93,000","9,970 Hours"
279,1997 Cat 312B L Tracked Excavator,"US $18,000","3,516 Hours"
280,Cat 225B LC Tracked Excavator,"US $8,000","15,581 Hours"
281,1988 Cat 215C LC Tracked Excavator,"US $1,000",581 Hours
282,2017 Cat 303.5E2CR Mini Excavator,"US $26,000","2,177 Hours"
283,2005 Cat 320CL Tracked Excavator,"US $47,000","10,139 Hours"
284,2013 Cat 320EL Tracked Excavator,"US $50,000","8,394 Hours"
285,2015 Cat 336FL Tracked Excavator,"US $70,000","9,351 Hours"
286,2007 Cat 325D L Tracked Excavator,"US $26,500","16,982 Hours"
287,2006 Cat 330DL Tracked Excavator,"US $26,001",NONE
288,2021 Cat 303E Mini Excavator,"US $39,000",428 Hours
289,Cat 235B Tracked Excavator,"US $6,000","9,758 Hours"
290,1989 Cat 235C Tracked Excavator,"US $5,000","19,325 Hours"
291,2019 Cat 310-07 Tracked Excavator,"US $59,000","2,413 Hours"
292,2005 Cat 325CL Tracked Excavator,"US $12,500",NONE
293,2007 Cat 345C Tracked Excavator,"US $11,000",NONE
294,2006 Cat 330D L Tracked Excavator,"US $46,400","9,576 Hours"
295,2014 Cat 336EL Tracked Excavator,"US $79,000",NONE
296,2019 Cat 313F L Tracked Excavator,"US $90,000","4,169 Hours"
297,2006 Cat 345C L Tracked Excavator,"US $44,000","12,702 Hours"
298,2018 Cat 349FL Tracked Excavator,"US $78,000","11,846 Hours"
299,2013 Cat 349EL Tracked Excavator,"US $75,000","13,811 Hours"
300,1995 Cat 325L Tracked Excavator,"US $27,000","13,207 Hours"
301,2018 Cat 323 Tracked Excavator,"US $91,000","5,749 Hours"
302,1987 Cat 235B Tracked Excavator,"US $2,000","9,941 Hours"
303,2016 Cat 336FL Tracked Excavator,"US $89,500","5,666 Hours"
304,2013 Cat 320E L Tracked Excavator,"US $80,000","8,515 Hours"
305,2015 Cat 349FL Tracked Excavator,"US $85,000","10,391 Hours"
306,2015 Cat 323FL Tracked Excavator,"US $72,000","7,959 Hours"
307,2013 Cat 336ELH Tracked Excavator,"US $29,500",NONE
308,2007 Cat 345CL Tracked Excavator,"US $28,500",NONE
309,2012 Cat 320E L Tracked Excavator,"US $69,000","12,471 Hours"
310,2019 Cat 349FL Tracked Excavator,"US $87,000","12,073 Hours"
311,2013 Cat 312EL Tracked Excavator,"US $33,000","1,631 Hours"
312,1993 Cat 325L Tracked Excavator,"US $35,000","7,853 Hours"
313,2006 Cat 345C Tracked Excavator,"US $41,500","16,357 Hours"
314,2015 Cat 305E2 CR Mini Excavator,"US $9,750",NONE
315,1999 Cat 345BL Tracked Excavator,"US $6,000","15,853 Hours"
316,Cat 325L Track Excavator,"US $25,000","14,600 Hours"
317,1992 Cat 235C Tracked Excavator,"US $2,200","23,435 Hours"
318,2012 Cat 374DL Tracked Excavator,"US $91,000","12,048 Hours"
319,Cat 330DL Tracked Excavator,"US $28,500","6,631 Hours"
320,1990 Cat EL300B Long Reach Tracked Excavator,"US $4,250",869 Hours
321,2000 Cat 325BL Tracked Excavator,"US $40,000","17,308 Hours"
322,2019 Cat 304E2CR Mini Excavator,"US $39,000","1,354 Hours"
323,2011 Cat 336EL Tracked Excavator,"US $76,000","9,662 Hours"
324,2006 Cat 330DL Tracked Excavator,"US $47,000","13,864 Hours"
325,2017 Cat 336FL Tracked Excavator,"US $80,000","7,159 Hours"
326,2010 Cat 345DL Tracked Excavator,"US $85,000","6,240 Hours"
327,2008 Cat 330DL Tracked Excavator,"US $47,000","14,024 Hours"
328,2014 Cat 349EL Tracked Excavator,"US $78,000","15,904 Hours"
329,2013 Cat 336EL Tracked Excavator,"US $33,100","8,835 Hours"
330,2005 Cat 385B L Tracked Excavator,"US $22,000","24,268 Hours"
331,2015 Cat 302.7D CR Mini Excavator,"US $14,000","5,811 Hours"
332,2015 Cat 302.7D CR Mini Excavator,"US $13,500","4,987 Hours"
333,2008 Cat 330D L Tracked Excavator,"US $12,600",NONE
334,2005 Cat 325CL Tracked Excavator,"US $27,600","15,935 Hours"
335,2006 Cat 330DL Tracked Excavator,"US $27,500","1,332 Hours"
336,2007 Cat 330DL Tracked Excavator,"US $49,000","10,134 Hours"
337,2013 Cat 320E LRR Tracked Excavator,"US $58,000","12,364 Hours"
338,2014 Cat 320EL Tracked Excavator,"US $70,000","11,710 Hours"
339,1997 Cat 325B L Tracked Excavator,"US $14,500","18,066 Hours"
340,2017 Cat 303E CR Mini Excavator,"US $26,000","4,200 Hours"
341,2005 Cat 330C Tracked Excavator,"US $23,000",NONE
342,2011 Cat 349E Tracked Excavator,"US $62,000","13,516 Hours"
343,2015 Cat 336F Track Excavator,"US $60,000","10,673 Hours"
344,1992 Cat EL200B Tracked Excavator,"US $12,500","80,724 Hours"
345,2011 Cat 349EL Tracked Excavator,"US $80,000","9,485 Hours"
346,2015 Cat 336FL Tracked Excavator,"US $86,000","8,851 Hours"
347,2008 Cat 345CL Tracked Excavator,"US $21,000",NONE
348,2016 Cat 313FLGC Tracked Excavator,"US $60,000","5,046 Hours"
349,1994 Cat 312 Tracked Excavator,"US $27,500","23,293 Hours"
350,2017 Cat 303E CR Mini Excavator,"US $26,000",NONE
351,2012 Cat 320E Tracked Excavator,"US $45,000","8,889 Hours"
352,2007 Cat 325D L Long Reach Tracked Excavator,"US $77,000","2,173 Hours"
353,2006 Cat 330C Tracked Excavator,"US $23,500","17,755 Hours"
354,2015 Cat 349FL Tracked Excavator,"US $81,000","10,863 Hours"
355,2013 Cat 312EL Tracked Excavator,"US $77,500","2,570 Hours"
356,2007 Cat 345CL Tracked Excavator,"US $17,500","14,724 Hours"
357,2011 Cat 336 EL Tracked Excavator,"US $57,000","13,537 Hours"
358,2007 Cat 330D Tracked Excavator,"US $22,500","21,465 Hours"
359,2012 Cat M318D Wheel Excavator,"US $23,000",NONE
360,2012 Cat 308E Mini Excavator,"US $51,000","4,744 Hours"
361,1988 Cat 225B Tracked Excavator,"US $13,000","16,347 Hours"
362,2005 Cat 345B L Tracked Excavator,"US $17,000","18,083 Hours"
363,2012 Cat 320DL Tracked Excavator,"US $56,700","12,777 Hours"
364,2016 Cat 303.5E2CR Mini Excavator,"US $8,000",NONE
365,2000 Cat 320BL Tracked Excavator,"US $24,700","26,130 Hours"
366,2000 Cat 345B Tracked Excavator,"US $28,000","11,000 Hours"
367,2013 Cat 303.5ECR Mini Excavator,"US $36,250",319 Hours
368,2014 Cat 321D LCR Tracked Excavator,"US $75,000","3,747 Hours"
369,2012 Cat 336EL Tracked Excavator,"US $46,000",NONE
370,2011 Cat 345DL Tracked Excavator,"US $71,000","8,814 Hours"
371,2006 Cat 385C Tracked Excavator,"US $90,000","18,534 Hours"
372,2017 Cat 300.9D Mini Excavator,"US $16,000",876 Hours
373,2011 Cat 329DL Tracked Excavator,"US $57,000","4,229 Hours"
374,2007 Cat 328D Tracked Excavator,"US $76,000","8,466 Hours"
375,2015 Cat 300.9D VPS Mini Excavator,"US $15,000",805 Hours
376,2008 Cat 305C CR Mini Excavator,"US $30,000",NONE
377,2012 Cat 321DLCR Tracked Excavator,"US $72,000","3,311 Hours"
378,2005 Cat 385C Track Excavator,"US $32,000",NONE
379,2008 Cat 321D LCR Tracked Excavator,"US $56,000","9,445 Hours"
380,2002 Cat 345BL Tracked Excavator,"US $60,000","5,829 Hours"
381,2014 Cat 336E LH Tracked Excavator,"US $140,000","4,473 Hours"
382,2014 Cat 336EL Tracked Excavator,"US $132,000","6,059 Hours"
383,2018 Cat 316FL Track Excavator,"US $134,000",845 Hours
384,2019 Cat 315FLCR Tracked Excavator,"US $115,000","2,909 Hours"
385,2019 Cat 320 Tracked Excavator,"US $172,500","2,335 Hours"
386,2017 Cat 330FL Tracked Excavator,"US $114,000","5,753 Hours"
387,2016 Cat 349FL Tracked Excavator,"US $104,000","9,738 Hours"
388,2013 Cat 349ELVG Track Excavator,"US $110,000","6,696 Hours"
389,2014 Cat 320 EL Tracked Excavator,"US $122,000","4,522 Hours"
390,2017 Cat 330FL Tracked Excavator,"US $133,000","5,758 Hours"
391,2021 Cat 320 Tracked Excavator,"US $114,000","2,389 Hours"
392,2015 Cat 336 FL Tracked Excavator,"US $100,000","6,272 Hours"
393,2016 Cat 315FLCR Tracked Excavator,"US $122,000","4,239 Hours"
394,2013 Cat M322D Wheel Excavator,"US $101,000","4,299 Hours"
395,2017 Cat 330FL Tracked Excavator,"US $148,000","4,932 Hours"
396,2018 Cat 316FL Tracked Excavator,"US $103,000","3,543 Hours"
397,2016 Cat 318EL Tracked Excavator,"US $101,000","2,792 Hours"
398,2015 Cat 349FL Tracked Excavator,"US $131,000","1,726 Hours"
399,2017 Cat 316FL Tracked Excavator,"US $103,000","4,243 Hours"
400,2016 Cat 315FLCR Tracked Excavator,"US $102,000","4,525 Hours"
401,2017 Cat 323FL Tracked Excavator,"US $112,000","5,029 Hours"
402,2019 Cat 336 Tracked Excavator,"US $210,000","4,547 Hours"
403,2018 Cat 336FL Tracked Excavator,"US $129,000","7,042 Hours"
404,2018 Cat 336FL Tracked Excavator,"US $107,000","6,737 Hours"
405,2018 Cat 316FL Tracked Excavator,"US $110,000","3,776 Hours"
406,2018 Cat 320 Tracked Excavator,"US $140,000","4,315 Hours"
407,2017 Cat 349FL Tracked Excavator,"US $142,000","7,628 Hours"
408,2015 Cat 329FL Tracked Excavator,"US $131,000","4,614 Hours"
409,2016 Cat 336F L Tracked Excavator,"US $122,000","5,069 Hours"
410,2018 Cat 336FL Track Excavator,"US $120,000","6,292 Hours"
411,2016 Cat 336FL Tracked Excavator,"US $105,000","7,758 Hours"
412,2016 Cat 349FL Track Excavator,"US $132,500","7,608 Hours"
413,2017 Cat 336FL Tracked Excavator,"US $113,000","6,105 Hours"
414,2018 Cat 320 Tracked Excavator,"US $150,000","2,954 Hours"
415,2018 Cat 320 GC Tracked Excavator,"US $135,000","2,148 Hours"
416,2019 Cat 349FL Track Excavator,"US $151,000","6,466 Hours"
417,2019 Cat 336 Long Reach Tracked Excavator,"US $145,000","5,479 Hours"
418,2019 Cat 326 F L Tracked Excavator,"US $190,000","1,419 Hours"
419,2013 Cat 349EL Tracked Excavator,"US $127,500","7,256 Hours"
420,2018 Cat 349FL Tracked Excavator,"US $215,000","5,367 Hours"
421,Cat 336 Tracked Excavator,"US $300,000","2,441 Hours"
422,2019 Cat 336 Tracked Excavator,"US $300,000","1,391 Hours"
423,2019 Cat 330 Tracked Excavator,"US $180,000","3,286 Hours"
424,2016 Cat 374FL Tracked Excavator,"US $147,000","17,232 Hours"
425,2021 Cat 349 Tracked Excavator,"US $396,000","3,325 Hours"
426,2018 Cat 349F L Tracked Excavator,"US $190,000","6,163 Hours"
427,2019 Cat 320 Tracked Excavator,"US $120,000","1,420 Hours"
428,2015 Cat 374FL Tracked Excavator,"US $320,000","8,513 Hours"
429,2015 Cat 336F L Tracked Excavator,"US $125,000","3,552 Hours"
430,2014 Cat 320E L Tracked Excavator,"US $120,000","4,381 Hours"
431,Cat 303C CR Mini Excavator,"US $17,000","5,172 Hours"
432,Cat 320D L Tracked Excavator,"US $53,800","3,895 Hours"
433,2013 Cat 336E Tracked Excavator,"US $80,000","6,765 Hours"
434,2017 Cat 305E2CR Mini Excavator,"US $7,500",NONE
435,2006 Cat 304E Mini Excavator,"US $21,000",NONE
436,2016 Cat 305E2 Mini Excavator,"US $75,000","1,051 Hours"
437,2021 Cat 306-7CR Tracked Excavator,"US $99,000",159 Hours
438,2002 Cat 320C Tracked Excavator,"US $70,000","7,108 Hours"
439,2008 Cat 312C Tracked Excavator,"US $55,000",100 Hours
440,2018 Cat 336FL Tracked Excavator,"US $55,000",NONE
441,2014 Cat 308E Tracked Excavator,"US $80,000","1,660 Hours"
442,2015 Cat 308E2 CR Tracked Excavator,"US $68,500","1,470 Hours"
443,1996 Cat 315L Tracked Excavator,"US $45,000","8,488 Hours"
444,2000 Cat 365B Tracked Excavator,"US $97,000","8,732 Hours"
445,2011 Cat 303.5D Mini Excavator,"US $37,500","1,600 Hours"
446,2020 Cat 306 CR Tracked Excavator,"US $90,000",NONE
447,2018 Cat 335FL Tracked Excavator 4586.2 HR c/w: Ditching Bucket,"US $195,706","4,586 Hours"
448,2015 Cat 349FL Tracked Excavator,"US $130,000","11,407 Hours"
449,2021 Cat 316FL Tracked Excavator,"US $250,000",160 Hours
450,2015 Cat 323F L Tracked Excavator,"US $124,000","3,811 Hours"
451,2020 Cat 349FL Tracked Excavator,"US $385,000","4,194 Hours"
452,2016 Cat 312FGC Tracked Excavator,"US $135,000","3,305 Hours"
453,2011 Cat 336EL Tracked Excavator,"US $100,000","2,844 Hours"
454,2015 Cat 336F L Tracked Excavator,"US $121,000","7,154 Hours"
455,2020 Cat 308C CR Tracked Excavator,"US $150,700",NONE
456,2017 Cat 323F L Tracked Excavator,"US $169,750","4,531 Hours"
457,2016 Cat 349FL Tracked Excavator,"US $171,138",349 Hours
